Title,Company,Location,Salary,Job URL,Job Name
Sr. RevOps Business Analyst,ZipRecruiter,"Santa Monica, CA",$108K - $150K / yr,https://www.ziprecruiter.com/k/l/AAJWhSUtFb29fiUn0BT1gNMJdFe5hSEriwthfi8zDOTTqP2ORdqIH0zZaZG1K8vZsCiSucIcSWnUr8vl5XO1aw9FMnD3w6s4DD9OfpLZElbD5VXTTgZKG1BvJe4RFpCfHK0iqg0CuKRvGGtqqB5yMmx3Zbjbtv4lIb-P_kdeWq73z7LDajWIph0GzMW50Rppbnmve2_mWS2NhsJzwwT3ni4xT3XR7fyXbijozhBVbkFUungscKN02EXeevlspcewsBKvasCrtd95hYkX-AjOj_pYK0zomFt-M5ww-Ym0naKVZISEgH9cosvQNFa5k5u8EzQv9II,Business Analyst
JD Edwards/Application Business Analyst - REMOTE!!,CyberCoders,"New York, NY",$130K - $170K / yr,https://www.ziprecruiter.com/k/l/AAJFV8y9lttznXkYf5tEnQUA9ewvLo3URava3ypo-e_iXaYRJwZ9voq9u9oREy3JP4t1mkaHXcQb7J1a3yyCKeybhS4T0Vagd7lUWXm9nxY_68qfZ_PM2dNyvSmUd6ML0w7q36ilQ0_MAD57fQPC8u6Dbl5_VAe4LpVCMrHIfEVzMfLRsYfznuTMfsui1hKOIs9ZEbjPB_nI25aHZYBQx5LZ9QdQ3O6YCp_xzszG66C09IQ7rfok0w2d_ykH3HybOKvbwfuof2GD0VOS-CUdIwqy0onVOqk6lj2_lzkqLP_unZr5S7ou2a7b4BSO7_a1S1m3a3I,Business Analyst
Business Analyst,Birddog Traffic Control,"Los Angeles, CA",$80K - $120K / yr,https://www.ziprecruiter.com/k/l/AAKRF12sJwNHG-6-DBBj0eyUxVUA4OIaKefJjcdazRfNp5YdnBYkHIABDnBFWCvzARMF9OcLdJKwsSVdvzj_jLbgCIVTBzDAz4bbsJCpvMevPzJnMT5XX44QZ99MFGfDbFLyW2wxPPUaFFPL8pvGLBphisE7YIuHOPNk1RYC6_6WPWqXSfvbu4Y9e5OLEM8DPoSD4hhYfJ619FbGLzfKHJE_sZpn2ArZcIdvIfxV5-x6NzrIWcLMTIW2r18djYWxVPJlGOId4rqs9KzFdZyQnNYhFc9AY5L-NF-laixhwSMWJ852wyUCxLTu8YS2vuJqk0_a2wY,Business Analyst
Trust & Custody Business Analyst (Matrix Trust Accounting Experience),Enterprise Iron,"Colorado Springs, CO",Salary not specified,https://www.ziprecruiter.com/k/l/AAJxJTcOJcOhNJqVvR5aNiNY_onyAX8uWx7CC0EX5ubs1qbOWLkROWNayqqPG5DSLgSXCAmvq6Y9lESGddX2MoGgivH6093Vt6nlQMUVA-F0MVKaNzr7typansLmaW7wRnFnQG03QdTMwanR1oBWu4xLwJGCB-RWxs8aiGGOz5DkdZTLQKZuQEyUKHFpG0wBWaXlIb1AqgrW4G9lVDASrndveZHpaxSG2-2rTZPyGaWAKN6SvKQnLUpRHD1yCs-GQ2GxVG-pYVUzSpjjVSOKwlok6j56aOh1uINWUaAoqRrv1oxuBIsBLK6qMpZvOdldJEYdmZo,Business Analyst
Junior Level Business AnalystNEW!,Technology Talent Network LLC,"Los Angeles, CA",$27 - $30 / hr,https://www.ziprecruiter.com/k/l/AAKcl4PzasoKrnPOdrfeYwi0hoyWoJYOlGjWTOB7SGP9Qz_C8BstYfxBoB9XA6KO1uKw811aYpOyzmPrFGn0cXwBLSAwvw-_laLnPf20wHcxayms5CCc0mbRk6DOuZMrruBOO4KYbLn3cV-_1iNUx4Rq2be3nQJ-2TorFr8fdF4xWHdDf_gbyo-9GvYYLIHnfcMtVqbrNMyAtID6WkJt3qX9G6aOJF7wcmQrMxkkMnEn3loV3tW5QryoztR08DxBOeffwUB8YtO8PfglWmI_Zd6Hl6edmHMpAxA9OpdwFNx-6Qnc0kl8tNWpYXwb6JyrAv9Y4y8,Business Analyst
IFS Finance Business Analyst,AD-ASTRA RESOURCE GROUP INC,"Remote, OR",Salary not specified,https://www.ziprecruiter.com/k/l/AAKhzBUvMumgjw3IbApPQRzIL8ob_OwZeorhNVO71MBxPRzhrQ_W53byiSSpaBJPVNf3WeFvD8RNxJBcPOLkGbeywaxu5wt4OEYeSSeCLWdxA0-c2l7faDk2Aa3wYWT-rRBtRZ3XmENZl0AgY3M2Dll8-p87cYIZXOPB3H0ZfRDhHleZ2k0_OVUYr0UjnrnaTjywBGmmS_AFzXGWnVOz6QTi5HBjBxb931P-gkyt065dvRo9sD1ZRbDiVlv5BWNKCE7p7594jx9RW1LMUrypmqdpNnJjvq6gXiZgCV9jQWSyXyHGq133rkOL6w,Business Analyst
Business Analyst - Functional,Om Group Inc,"Hoopes Landing, VA",Salary not specified,https://www.ziprecruiter.com/k/l/AAIJx0twaATaIb563usgC8rNBwqSfQEISEwJfMWdCwQLEVRbRTBICSnkQdKhEXJPTlu54ojxMIqTcLuoWVnQ0S84ES6HWAse_E7dYJ1u_-Sy7emCw-Cew9a-5rY9Yo1G4Mbs2f-a1ejvv8l5tCX4lRM4bB91adikzOhVoljBgvjPnN4kheEkrZyxQ0rE0mMbAH81nUUSNBVyi1AU9zwtaRMYNh2eHVEGqsh_XcycHGXqdyzwHUvh9VBfdJgTWXKuUSP6tyaOk_3sQqLNHRDI-GPg9KEEIJJA2ealccLpifWAhZILPQ26tQ5mJg,Business Analyst
Senior Business Analyst / Project Manager,Illuminous Enterprises Inc,"Cerritos, CA",$96K - $124K / yr,https://www.ziprecruiter.com/k/l/AALXMmnEL-wDgKEHNuWVtmNLUaTs3jF40Sb6yTFa3pcGJJgkCcFeNfDX95QXjeRkOmwRvbXr5qpo8rtth0LbQd-QHG0rQjDGOQjABWQrkKS2lTW7EzZfUxnOEGGgHu55qYQbJfYocyNPzpVpQRhBl7Qt4dwnooR3S6rgR2oKr5Yichn_llOMv0oy9A8Dpj9LA8YsAeWpJOAhRcAhGa_x-64jt-tYR8OIvlta_AAyHdbJyCd9wK3FO9NXAEvxwVuD9CfQ5NhryPqv6qCYSlzxuNuhghP5_wmQIrZG7-xwlAuWQV1kpqgo3fM6gQ,Business Analyst
AI/ML Business Analyst,Azulo LLC,"Washington, DC",Salary not specified,https://www.ziprecruiter.com/k/l/AAJV0TAE93Ujl5dcicN0BQ4jJ9L6G1PQvz0pdEcGMiuj-_uaqzq4Qnrm74DE3g1-3HoxSNMFa0yaN4t78O7LmUa4tMlvNrNaxsPc9bNYaVXOm1uLYpvCfyGyx2YuiuaN1QJjqw4MgHvsGcSytjvvnGE0LAIV9WVEBhaiT-5eqwWBFSHfFoGo6hFmW6xf6OtdbfH-zhHYElW23NbojKsixPl7zBDchCgjSXxlKQwwYmqUcgOkerI7exhXeo_0kR5DrsCX_OAXW3ehEuIBa7Zq3kfzarzPI45agSuRY6exL6sAwOD4lh_w1fAytA,Business Analyst
Junior Business Analyst,Council For Logistics Research Inc,"Washington, DC",$60K - $70K / yr,https://www.ziprecruiter.com/k/l/AAL7T6i92ey1Ru2XpMF3bCw7phj0hAIGXEZ9m7FKdTJvKbEuscGxxWwXJJHpHbW8vgtBZD5u_XSyMrspp80bUElw6dNdO5v_VQULkvH_PHRTargGeIA0IpdtZPLMeCWZYArH7RMSSe1njWRtSABsqmEFgiPlt8zzeSx7ro7fAGaglwTbcW7HrZzlsJAJ3KkuA6Qzv-2tWxHjxFVw2KBDpOd-_1IAtdT2E2ayC-dfqEtoGBULhe_vKnWPPu8HeGM3oZna_fZpZ5LTVUmgs3dDehdtu6cyH6qdZkTpwqQ-mhbLMwGcNrn7yu2Q9avDkhcWX57lZCKG,Business Analyst
Business Analyst 2,"GB Tech, Inc","Austin, TX",$73K - $92K / yr,https://www.ziprecruiter.com/k/l/AAJYZDXpWJ50IwAI5f74PNEA4c13CkbEqg8sYpAXvyMZ2LHqgftqw2NroxdHGiXSojOmX1cS1Wwxig_Dy3PcI4VZpWTcX3y_oN5Zd9uBIijrw5VQTcQP5mmuRYm_XtAfV1xrRMtRw8Uxuq8EIx8Hkc8PuoyJPJOH58skYpZv7-28fZfGCGE9h_UoPwZ31B1zxfXZ_XO-BrS-ouK3XguQ2_yqcLk9pXR0gfXFeCGs-0lHq2VyBkKhuLa1jiVdUcQ9cY4Nt9zWnXNgaPfo95HTE4nUpVLb9kWhu7FMWTu1WwyGZG2ZKljWTVWhnyg6Ku3k6yFfcQL1,Business Analyst
eCommerce Business Analyst,"Thanx Media, Inc.","Chicago, IL",$65K - $75K / yr,https://www.ziprecruiter.com/k/l/AALue1VOW5ySnHZEV0xPOmaGhKLHj3om2V5cC9b-2cJrmFQxf7FzU464RwL_AzRtRTtbgMTOFIPmPTyZSAtlFjVtd8wImAIO66Z0RYDXURoAHgHoY-z9to6fAaArls-Ivo-ItAkpyWf9HevhtfmHbUg6TDUcNo6VJKhz5PwvyLU1OYMN1uIpw8gaaAQoD6w4UeiiPVykpFa7nnkbGwNyLCa8igrYoCK5Gwhfwfm9Wsqmpm8_kk9fU8d4Y9_MMAuOYqTpFzcPy7wf-i-zSWvyEAlIDE4cvMlgVX5-OT6huI4mPkj9OqM0qyDllqx-Hz3f9mGWLxD8,Business Analyst
Business Analyst/ Project Manager,Value Stream Staffing LLC,"Remote, OR",$90K - $125K / yr,https://www.ziprecruiter.com/k/l/AAK22jgtYdsEqafyXsa9YZBKijXYNAiienOr2zxOmqzYBCXxgO3jJmT-rAwxO_U078s_Ary9PKXbKZzQqdb0QD9-iR0MGBG0ZEfXqfL5PmIPLbcRePiQ-2k2w3sw-VW9M8v5O9R1GS5V7K1DIajuopSHw9r_O0_Drn8JInAQxujI6TGDQ0Hqr3u_ns-ucfgKAfZ720WzdFKvF67enPWVyYpB1Lf-rFXI1TTz7PSWm8Ls35Lj6g3DhQmQwvl9SkzmAjrpJlBzPTSUDo6mqb8xOgbhiO8RKfRSRKWUYhrqdFq8GxJYnDzrJ3hvexM1Hoz66CQudYaB,Business Analyst
Business AnalystNEW!,"Bickham Services Unlimited, LLC","Austin, TX",Salary not specified,https://www.ziprecruiter.com/k/l/AAK-Vhu4RfSMcUsm2iOOht__QoWuEpE7dbcgThEZw_L9cq_xUO03_aE2v-4zqXbx_1Iicl1asSHC5sbquAFzmlABKMxlmN0iDVeQ-rjIt7N00dOlluncKu6tHpLddXOyz1Q8UsAohcGCcS16xcDtfNqirN6VdL0wbWq4jps0R10wX2Wahyxnr2nUY9IYOvt5_WYAOW8GMoKSQFy94MwRq1WJLsPO3vS4LOUkfwnEk4In2BS6j9d2ZHYyImoQr_WJtBvfXE8Bdq0IPhq5_L9n_j2eeGuiBw6EvOoQC8ZSVsSx8hoyytCY3nrKKA,Business Analyst
Business Analyst / Clinical Review Specialist (Remote/Hybrid)NEW!,DP Professionals,"Columbia, SC",Salary not specified,https://www.ziprecruiter.com/k/l/AAIQaPVwt84mYvq-wKRVkQFrsk_j8dEBXjTnkoznBqJrsjsuONaxuew7Bf_M2Ki7o63JU5AlnSFHoDoLzLlosEkroMnu4FgQ_VE0cKgEEYXaRoULt8XaOXkrm1QBHf4BmBiGFO2tZNLqGQ-d6_hg5yePquJcD4GfrlTpAqgu_J648am-KjNtuIq-81RDS47L9f3rNM4ACB3TcmiwzKKAUr5mpmfa26BZqY4ZtW_RUs_O8kg2AeludlAIP_k24pFKPaHAw8740897rP9tbgb8StWrGKUFxug-OKjC4EzkjzSRK1H4Sufi5FjL3NguilNWikcUOE4,Business Analyst
Business Analyst,Capio Group,"Sacramento, CA",$100K - $120K / yr,https://www.ziprecruiter.com/k/l/AAJPPJV3o6bORqdOFpDM7zHbqCHVpggVUBBt9Tz35V7gZYE-iU-zoOKHchV86U01gAiJkFLtOB-kJ5DIK-Rx1D85-8GtVynPq3wvEjsVNe5cXLOY0xiPNMZcang7u44MziPuz9PEcYjI42c5SlfbV3cSbgKg0A8LzaFzN0lTvU3NLuUbmdC-4FMDOV6ddIYtJnicVE70eJky8BG2RVKpDgTIGh67rIGqQJD3DpSiqjZ97dViRDYMJKmyuwAXO1SAqp4pHZdjTkXSk6CpRhWA2WaCd--couXdpF_ot6zsRPb6nvAvBufnyXiTlA,Business Analyst
Business Analyst,Strategic Resources Inc,"Vienna, VA",Salary not specified,https://www.ziprecruiter.com/k/l/AAJuvBwPQVJETp4nYHcjA_yaalbstbNBhn5oRLTDoV6krawQgx92vBJ1n6In81Mpbr2dQqo07zYAGyt1YWlwV5H4TMlOw5uZkYHFPT0meudjEIFeVKhSlxAPB8PXNfUX6SgmgpzJ9ckurZGrsVeV1w5OASCLYmAhwyY9DzJlVH2w4rfNud16PKbJinDNyIU09zJa_41vq2ey5nZCLX1NDTzY53ToFNxtCrqe_6wZJclDhxnfZzKWpBTIBe2RO5NUi6FfMfQ5BG17sjXx2PoGaXg7KZfIPUkoSkq38d69mhOHGUcsxHVSZ3peEQ,Business Analyst
Business AnalystNEW!,Top Gun Staffing Group LLC,"Boston, MA",$80K - $90K / yr,https://www.ziprecruiter.com/k/l/AALH1gDOkkERRkwWNTZeEzb2ejYcWSt2g7VotFI9miBI20kjhrekXHdlfLNAwBZ3RQ_30LAf51Jj6N8FFvFQKV3NNuvR757ZMODHQYzOfTBlbnb1bOxeJ1g612xfgl8n0DxdMaVmZGK1xHodJNmjVrYmKsM356aqZp-iDQoDmGJdKuRvhBaWrGMhh3-yA0dRBfVn7R5_HJpgiFucp2XBVsFevO9CBXTIohdqTKBPzx15caGda6YzbBIAF2sQ6nHxBVLrQEreIFKyltFQ960Za2fyq8BV7DUh6cUfu1NG5RDujjaC60IySdTYdA,Business Analyst
Business Analyst,Cogliano IT Staffing,"Pewaukee, WI",Salary not specified,https://www.ziprecruiter.com/k/l/AAID1U9e5DvlmL2I44VTiRet7X3PeU7ZcM62Xhj32EZg52KgCb6S5a2VUvy8oJFxi9n-ENrYZBjOl1EsuxgBcxhWVKKXNXipDtigsUUzBc4KDCyqg9xtGekcfleMSQA7tnqD5ENqV7ODJUKDE8FsDe5iym61Za-iaVZ-lOHudvPOOkI9NcHIWqqtZn4Hz_zi3yG1ODQPsGFfhceWP6NJq4KzleQxRioDY_3jBSl_Qy0CTE-4sAtEdfdc9Yjt1z9NnLF1Gl_8NU8vLnnOtFsyTYk14jWUzM9rFfGEIZIp1AT-8ho2-cuck_WrOw,Business Analyst
Business Analyst,DivIHN,,Salary not specified,https://www.ziprecruiter.com/k/l/AAK_pBu_pvzjbOqU70p0vlqzQ04gOr-cc3-gZlNgpnVx4H1g-s3WlrhwVU0Ty23blEtuVeUtQ8Nxn20yCJKlTECU5k0jYPacm3bewHkMviqh2KoGHp6Cjsp_Q2Ae_BKQo8u34N-2cVn7HnfL-q_BB-4EAwq8YlaCdX19J8nQN802xEA6dOzGU9Flih6CnjbRtz5L12c2H9uxs49csaIIBR_CkONX468nwN-qsdKdPNJDEYGxkJul6VOzfdyuYwZ231eZisBo3VscNv7mjVPRyYSWucJUXv0LjtWKjGV0zxe3RVmoenmRZfuyoA,Business Analyst
Business AnalystNEW!,Veracity,"Seattle, WA",Salary not specified,https://www.ziprecruiter.com/k/l/AAIM6eTEiYy1NQ_j6o3heZmk-jPxl6Nq6y5cADNtIjtq17RHqPBWuJtSU6KJcuJxv_4RhsnPJtnHSV43Vzg61Iw201wIYI3UyYp4Xh9GiClGno8pmA4tts5H6nduna4U2asSPAR2lt-Z3L8fcZFyMggneaxvEOkJi7-60HnmOQes26R6Kh6GAaXmpqqEwTQkQ81TQ6Zq8JAy0XKxKLfKoq3tW-A5e0IbehVtt8atXuw99QVotfqNhPtCeqo4dlyKAoD3KYqvG1Qqesl0JI8Xv2lorbZ6Va9iCPXdzYgRoZHhuTDuu6tpfNQ8Bw,Business Analyst
Business Analyst,Cultura Technologies LLC,,Salary not specified,https://www.ziprecruiter.com/k/l/AALZalvCbhg6YR_EgZ9HYYNvG4NzZeDwRDCV1kOFDGEupWlZ0GME4QhMBOq8AJ2s2SVJ3Zdfxh8FsQlE4-3F7pney-y-PvtP5WEXJs0KYaAess9nmGT2ocpiTDb2qo45zgCZ_jahOL-nb17w6nfbMmPdWxNYB37bOGYzEoRmgT3obKHQA8qPXFjlX4aS_18ylvaO8HXPH9GV7P0NdYBoa6ERCLDZbFcF5iVrkRO2GapoYoIpZE92J3h1VMhm1e77_yCA0I3VdQiAnmrE2AxP0h2dHlbuMuCaRHWAc5nEA72T7NFR9Iz4G41HLg,Business Analyst
Business Analyst,"Quadrant, Inc.","Washington, DC",$70 / hr,https://www.ziprecruiter.com/k/l/AAKbiPDV4_sj-iYUgUeUnfoLQLo1UTbwlQPU8NmLDz7IvTJRIhdhcjmegvE_Ny6gd99QadtFqf93eLreggkcoBUIQR0kJkyKwdDt8QPyrJHalmIYUJ0DB3j5r_gxizogX-jvHCYg-1ypnYhVGHjjNpLUT952RGA5LUiJt4etTmD6Og-nNlRoCWQgnUo4JLhGGeFVQdLVnzskEVhnYmkqhg5pQHQslEM0LEH9ztX2cMzwXSXk24x5qxkS22yzr2QDMjPjkZbmG8UMvjgk0xg-tRlE73puIT5kyrOAVbkvAN2M0FSfn1xi_hfkYA,Business Analyst
Business Analyst,"Jones Lang LaSalle IP, Inc.","Charlotte, NC",Salary not specified,https://www.ziprecruiter.com/k/l/AAL0TEWWBEZARy8xtPxlmiHb-RG3qgxECwmOi2jDcbI37HRhl1p3OgG4-WHqrtt9kDi1wwgzdpGa5AVtQAjc0XIWn7-cZBbL9r76ks90xBNsRa6d_qZ8ZsCJPKLC84-qwqqT4UMLTBcWSKLJDrBB8QPuKfDPuOtI6UnuQwtw1YFdjpT110EF8JHrad-he7QrAE7sv7uO8kI9LPy3OM_MpBaUC79mLr0P1ZJXVjMmoxk4r22bFCEx6TAgxPbb6uuzJgExk-2R2an5WNArvnMM8hRbRGBqXe9eQUOZNgNjMtOApgr-_AxrM6lV8w,Business Analyst
Business Analyst,Dale Workforce Solutions,"Fort Lauderdale, FL",Salary not specified,https://www.ziprecruiter.com/k/l/AAL22Pa7iqcSBGRo9dEuwbsNehZCk7kC713ynrag2rwJRKp4HpBnu9SokLZDJm7FcOF9eLoaro5FDbzbKbYY2xTVOLHhXQjm-m_JZcHbbSUBV2ER3EqR4xhm_LV_FEMzbWlick-YmpbDizOSS7ikA9_enBLSh1lXGfsuh3fM44pD2QN8_VRHB2l7cZ5bi1IXCkz74YFegDm_bfyOrJH8TWHygPH270TmnaSC6teKj0m8yudz1JxW4M1rNbr7xV0_HDhclL6l-QoSm-EXtgvMl_rmI6sIetLrH5VxiMJWJF_PkvchNKnjQkzlOg,Business Analyst
Business AnalystNEW!,Med-Metrix LLC,,Salary not specified,https://www.ziprecruiter.com/k/l/AAKUYu3omgOay-cP0QfiaUrDVlChFraIl3oZ6dPfW4UDEVc9Osj4y1s7C2WAfW5XIYUVo0-KJRRf9FHYo-jic7g9iKGkekUXPHinI6-sOTLWBgLo9hkcUpHz35Y9iyh60RMTNS5v7CaM871AYKgaw4atGYwS_go7osevNaQoosW5C4TuBX_O_HC7oHZ1WyPMM079HXKiuxCotlm7x8-CjmI8hMhzNvmSyitEi-h0uPC9l5v1uCQU_CQSCXCtLI0SWr0sNH3UY0qYvGgWIA145NNFnhma3droIOmHZVuEmriHHiTgmm9xvMoCDQ,Business Analyst
Business AnalystNEW!,Genesis10,"Milwaukee, WI",Salary not specified,https://www.ziprecruiter.com/k/l/AAIUJslfXz5Un0OEwN99dBkQJSjJ7tG1uNj5BX9xjGxFZOlQo8oCfRYRU3ok453f4iz1PZKc1onbqGBI1xqZyXnNz5Qq6JCz7XX7_VTXFP58ifGOH6OInP84cLi6LAdvzkf4RcCOGSpT5zUfwLQgGEW04H1BTwMHFnKXUJZg6ZEM2-0mk4cc3XGDOwwnSkdfdL5R5Z2cOVJD5MsdgAPDU7JNx5Ho5pdZ4TKNL9j0xlgVSwchVfKaE8R0HE00sLhwfRiz9nQ6O5XrWD80M-nWkoy3E2LQNK7H_uNZ_SLOZ7FttwC5Jqso3QaHfQ,Business Analyst
Business Analyst,"SYSCOM, Inc.","Baton Rouge, LA",Salary not specified,https://www.ziprecruiter.com/k/l/AALF8HbPBqUx8uwbrHMAir-P9wop8H4Df3RRCf5jYzMDsHVsdI32QcqzN6gwCr69x02-pyn4X87i22V9Gkj4sMm9Xt1gabf8y4U7wkv4ttpn2-kcxWQ1sgHjRZZHDbWPSawnBwlIxrbFYf3Xir63X48JcI7Z8FWtkBv6jhD6B2OmvUnKUjNqUcbrw43kLxP4xFD6wz272scGZK-Q5ANIfUT-Jvk-h1OnrjTyanHQdccFoDr4MAcKTXgEZMBTAurMC12_YyAlzDHYzZWhG11R0HUXs-N2Sr3sjqxoaQj0TQIL4l39PPqCmz7oOg,Business Analyst
Business Analyst,Siddons Martin Emergency Group,"Houston, TX",Salary not specified,https://www.ziprecruiter.com/k/l/AAJc0-cijwSK_onSPsj5S6UfFxfiaHvbUBFj4zZXjSDXHUE1Syk6IQMRNDrwcM4OY4BSSyEp9Y8sU29ta_Cwg1TBujg2fF4OyB6YRqxmWFx3QplZiHeWDzFZFtXVYuW_1UQJBstLuzrL24NphswmwKnbJWxOKyr5DWS2LWZG3pix_RMSBK3Wm5wT3Igr4e5gRaAk1B3-w0NXoW0p2u0wvW59ACngyJ0k4RCRRwui4QuZhr2o2KfU4vaBbpIMbzacUmIKfIKAksg7X5g8JAV7HGvpKKgP3Tee99Xbp4lm-vhg3PwmrFnuOorouQ,Business Analyst
Senior Business Analyst,xScion,"McLean, VA",$94K - $121K / yr,https://www.ziprecruiter.com/k/l/AAJcWRT-3wIszhXCHfrQi4B1cibE9Yn_mOzs3FM8KBkM8hs56c8Nr1_KvDQonhGlBYGRY5qm3lUJKXyw69zqH5SBk3UXhhr1osqAWTbOHQQrMo3gPIrS_-zuCxoPZsl5IfoHLP8stdMPEfO4c2ldo5JIFNkcVc3FEodCq4ej5vnuiOxJ1XfcHcWY-pblRnhUKxIG4rCHFBomK6u6ayZr3cKVWfZGXfsZQM5GaQ1BoJG7uLmjAPfE2LLDXKRZFlpffD3cSSF42tWApLZAh_lCk9xD7xcWJfT7GFRkqMs--l7j65pp2y5uoexvtA,Business Analyst
Business Analyst,NuAxis Innovations LLC,"Remote, OR",Salary not specified,https://www.ziprecruiter.com/k/l/AAI2Igp7e0nsJm-nF0TQ731QCsyT4ngkhgbCUyXQX-FHjoItHqRHYgeMY4IVc07VXjnQSw8LDzcZk-uatT3lE4pWqasTJRR1-Rt1QlRsud7TQHGnyte98TBCPlO5dNjN1lzA5vmQBFYu9gqGmXei7Tl4KdtdQyes0nQOAL0dwYdu4p2ZUyDZrO2Cju3Yc0cATO8hLfE_OMDbJ1rLfsRHOxbRnsKR4SLNG5cKYkAlnDb89GomotiQIf9qsRBWII0smRLiJ3hF6v9ijLfHlAA7kaFyFEY1FPG0c7ftpZEZgV8DW23wIlVOsT6EPQ,Business Analyst
Business Analyst,Evolver Federal,"Reston, VA",Salary not specified,https://www.ziprecruiter.com/k/l/AAKGVGv9KvJ177kpjc-jIVoqy2q6LHtc20xJmZIHC9xBBdj-9fXzhxIwpg9iUIWm2rykLZ8seItllGX8BQBaMos-h8PsJ7-nHFwUWv41pVr662lXSp9Ccdt4i912ElVt6_X0MI5q18yFCzuiRzRt84aDpyJ04xdxbyoLC-alB5n5Y0Ek65pGGsJRqKV1CVQMVotUWX0ZiQ0IgzrmJVOUiFbd_aqPl5DbG19JuGqzG8Cv5e90ilqSodP7TJBsCnv7T5gESuH_VI3vsAoVx372_qptWiqbysBzkm7ZhoFm9WJYfdQXUEkzOVaAUg,Business Analyst
Business AnalystNEW!,Peraton,"Herndon, VA",$80K - $128K / yr,https://www.ziprecruiter.com/k/l/AAJ658kXWJdRb6q0jVqkF0eZHW1BqbR535Ik1siBYc4p35_olNV-fQnrJbNLtkCHMyuSpS63aiYNyZLz7y-7TYaTBzbGL7slW8Ab-HcYwIPx_2EIRcFN1c-zg97yFx_IU97Hd9V2iVRm9tLDHl3Faxzzk3pEedsDk-ggorhcWkdgymEWSnHGAQqwTNTxzE6sourfUcaAFfrd7xW8GES9jNpBbqYOZ8yWZFBHj-g5FLrlh_DTBWOuD6eXcyLLwMoqAjutjbs-B-WH9Vyu-4YwudxrbBKZskrbJ2RMbSjdNJ0BzCqA3dOdOHnlyw,Business Analyst
Business AnalystNEW!,National University System,,Salary not specified,https://www.ziprecruiter.com/k/l/AAI2VOtnsBbGUmhmUuT5SNvXiixllk8awZER57Un8qvcJRLPFs6G57SpoYeuSjLdhxRQBwMc8DqbIEE27XkLCIS8arHiMXfQHGZz3SZiTHz_4dE0bqsZpe1-02emeMFwXbDNMeB14yx7FoQjU0Cp8UoKbKpszukekadoiTyDyJb8nLl5JNrFuv5Vofh5WN-92ZoIyguI0zUKnCTOOgPXou55-JbuDmnIAFnCSWZC3uIHrYNw8azHlQjLfCQYnms47QcGZhc1dNoYFUoI3jz_8QoUyTJYp-wDF4OfwEgG18XBYhNZKmOTnbMybQ,Business Analyst
Business Analyst,Comtech LLC,"Baton Rouge, LA",Salary not specified,https://www.ziprecruiter.com/k/l/AAIxgSVXwE5grhREkyDw0SBSBrh1xlHxmbbZPj-jjlff1vy-hf-FBHAm_tqeqeoR9BlUKTnWxtNPe9vI_EliIcb-k8-dTA0mddgm-5cOYtM8Zgs__9MxJAZj8kv9iVsgVOnAObogQZX3-2old6QLKWtrL02pBC9SNXgk17blKvCWrMtz80oAStiQ4EfpfXLqSxtwcfgKtiY44zK0MAPjDnjZvMRC9MOg1rf1AD7AshCu9BgjGg9T0WfBrDwx3CvAp1zb_29rTQb7PHGCYn9e-7l1UOAHhYbDZlVdIOxZm-s2m9IAA-tXDbmyBg,Business Analyst
Business Analyst -3,"ASSYST, Inc.","Austin, TX",Salary not specified,https://www.ziprecruiter.com/k/l/AAIczvChhlrnrMECQoFcKaMCMCvD-dndJCMiQLZJ81g_irPbaxtrU335Kvw_RmAeip6jmS199YtWGE8OQFiIWvNEK03NCH9tTyT2GIenSzHbiMGIa6v947h2URBp6GcaMXi098hEyMiKIlpRY_DbnJy0PbPXWz12OFOzmFsm_OwU4wywFvDcXW7x45ETopgeNEd5okUq7YHfkuDpCNNLdzPWR7HQ-f8xWBDrKHM7E0FWBiE1uwRQyY41F8WRVfdxb8yjoWYBDOjeDsNIKNSqasjA83x2R8sdoGIiH-vX8Jhd6333YJ--CAJ4-g,Business Analyst
SAP ECP Business AnalystNEW!,"US Tech Solutions, Inc.","Manassas, VA",Salary not specified,https://www.ziprecruiter.com/k/l/AAJFa79z1gyZdJphgDCWabvj5CSQ4an9oYmYMc0DfepIFUzzYqcH_gpJwuk6iOftKKrnta_haVNFqmCRF7QvPYhAvYmx7nRjqc53ZAWYIRDflQCxcz2QrUUzH779HH9LeqUV7TL79GWSWuzXnX_7tqODkqFO2INtoR7baWQWmkMmGfWlPGdSpqEdNIo4qoRbb0j_tZsekODj8Ye1OKrrinoT-XGd83Ta6oFch22i5pwEwvOZl0GuGYCRguS4ic9oNKSOVj51VYY35D_qX7dvKIs1vVHSnQCx21LT3UF8gv2jSoaHv6Tyl5EMXA,Business Analyst
Business AnalystNEW!,XL Specialized Trailers,"Manchester, IA",Salary not specified,https://www.ziprecruiter.com/k/l/AAJVHoPO2QUeKjZ4lree5oEF7mLpfmYXmIesGM5uR5kmWY9ybK_RgMe9E5NgV_hayaWnpH214fIEK0uOfKVgIobxdcZo7CcHy0mrOfUgM9v0rUxW0mxVMnaXwHqvJz2ocbSWZ3UIKpF-ep_K_ZnBMcf-GOIPBwuAcNg_YljGp960DJgsw4A9PNuNNmUMotPE8guyHw-baUC39M2lPWBOndZmmz9VxW2D1SxvutvTpTL1oVAafTfBJQkCgBqlGsaCanFQFRGGBADlclbXxNFKfLdAu_W7Tq9Royw-13NPmlP1HGOOX9xhW_K3nQ,Business Analyst
Business Analyst,"Lumen Solutions Group, Inc.","Austin, TX",Salary not specified,https://www.ziprecruiter.com/k/l/AAKaWdJeIYrbIPypjgCEbFvDjsb3ZwuCC_FFsFrphQtmxU4kHR8KG-AVfhaWfnLpUTyF8NicPL8QQfzMiXSqDfLuPyfrR0ykprVWKM0-vlfdfNXBtQKxx8a7wi3wih-L8NMtUqOekL8BObOVh0Bt0dTTa3NNFOpZVYdF0kRy6loRgIj6i1ZWh2J9iKQoTcxK7IGqnnfodTXOnUrjK2k1pQP8Y5LpiTuv5LwDMHe0cQAwkrRUAiqC-WKz6CPi-T6h6MKQ9BhWPmJI3d74geDhEW5Cx-XfHV7iG0aXTJUfRPRO6FFDGALQnBo1Kg,Business Analyst
Business Analyst,NTT Data,"Pittsburgh, PA",$45 - $53 / hr,https://www.ziprecruiter.com/k/l/AAIiP0JOl8Auw8jr4IEj5AW4Uxn-716l40wjZBwNwG5d6_AHgfU7BY3s1zwzoUvP41QpR0Zc1Sc4DaKBJvoWs_LZplQ8PP5baL0cJC9TgqHP2r1EZCQod3oYljHA801i5Lg_eXxRwTLPuxNT5gkh2c30aSTkLITxtdDr61ndYiTx-46C0Ks9H0K0VFbgIbvO0v3cMubu6k4WNBf_Ahu-43fBgmShhoQ9l84oQSbdgSoVN2z0s20GvI9komr5E3EFfYuNVla9q1wCbccN6V4_ACshBo1AQrQtAOGVb7833_OshSpobnzTpfPkAw,Business Analyst
Business Analyst,NTT Data,"Pittsburgh, PA",$45 - $53 / hr,https://www.ziprecruiter.com/k/l/AAInLCKmpz1i_m6zbstTM7Fbg0uwx5oBdYIQr13hqosgpV4a_FjVgSFdIqwr96ClQlc8CBxMVnE0LD6IvRX6h46llxWrnJt98Sqkyz_PwzA4pO6NxMTD-xBjEZb6FnL23Yjv53urth2JfgKUp3Xd8dX0hrbu7Kz2SX1ZuCTrHfX6_k0UoyRVWnADpb4OKdGJd4MpVlIO2D0b6Zbs7NOVELqrbZO0Zi8-2VtZcLqMhQXsJdWi7b_Xy-G_dSUOVkk4R1yfy2zTsRLUg5mnRKhrnvWmOLrNAj0qTLMbxpTeWuDXtM9hxI-8d5ErCw,Business Analyst
Payroll Business Analyst,"ICONMA, LLC","Manassas, VA",Salary not specified,https://www.ziprecruiter.com/k/l/AAJS1Z2TEEicgpwnkXp__l8VNu4dnC0d47bJVczmXeUHoV9yWEouKDBkona27MD1_fKZhZoHzSAjiGzGgyzeqSA5bIUodLIGaRd2EXOn54t8Ogw8jPjY3i0T2NRoNElmgq91QR_OK9B6TWcgCTmLQxxyxKVaFjQZGkqHBkYUwaczFwhki0jPIBVfsRTduzI1mHkyqlcKyTo0by4P0iCkzKepBI5FhI5AAcXFdodn2TnxbdLxCGq-0gFOtLAp6zKDzMFEvHkVORzRBVWKS9wB7lPK3uJ6roWH470KRMQ1h1o67g-x9FNSiAL97A,Business Analyst
Business Analyst,Syntricate Technologies Inc,"Burlington, MA",Salary not specified,https://www.ziprecruiter.com/k/l/AALmRZ84CYqyTXe36Kkk5YLmyk8e8ettB6308TOwksp6jb5qXL55SULmNG8L7zHv8hva8itLG8T3_cc2pYg4JaMHpMq9llR12lo4Xkhcs5BrnhscehFCEpO0dxPR0TKMpRAaEOynXli_sSfxUAWh9F-cIp6aprStpciJ9J4vaOoAjMxl_J8v1clDEiCdK-7F1oz7zydWDbWwvk94t6Sa3273VTeDe-eppo38iZhK_CZhAY42ZMHm8UDhlIFN4KoxbbjuJBhs472MhFVgeiuLp8jd42d5_HmZ_OnzAPMEzjTJok7IF5vCtiMwAg,Business Analyst
Business Analyst,Clinical Ink,,Salary not specified,https://www.ziprecruiter.com/k/l/AAKngNsCeN5Gt91UY2SGYDxYIz9kJ5_GqXNYJ8aElkzdAfIL7oCO3a5ksrk4jn5TNJolakZnifQGmhDEFWVGFoZXchVN-lFY8_Y_He8jGzWb7fF3aELR7A44jz9Du1lsuS4EfxgmjMupeLdU5xS_2-Xil1zJ23_qbjyssC-UTlRSsTwO2Tuoy7oRlVJ6o3X9vgIsa_J45IH9Zhc1ScfFQPs66IW5_V47TIQwJ6WhMWJplh8m9okSl-69H8rmdLb2sgcPzPTVVgfUEvcwbsQiql0k81dYaAQQ8RIPkPQuMttRd0QnyAEOHinpgw,Business Analyst
Senior Business AnalystNEW!,LIGHTFEATHER IO LLC,"Alexandria, VA",$99K - $128K / yr,https://www.ziprecruiter.com/k/l/AAIeNgUmQmwWRLN0jLQNvG2NF6XNVQAIhDLVluu-JOLY_fh9rw6cutM2k9712d1Dv_bcX33fj6RcTaMvjR9Wgfkf0-NUclVuoDrJ8LqSXrA8OBtDY_1xtbfjp9GzZghGFzJNbVnK9nmVkDyvuYBvU1WJ3JK3Y8c93LnANcOLBUhbkpjWsvWt7PjTiDkavY2trah56-T35aTMD1Jn90izfrMSQ9NEawRDNbfW4fYmmKEW40Kj_zoZdbdysJBc_FnCAVJic1IoKvztJ1SHf6xmnK3150wqNCSrxkMclPz3ASSXHTVwjas7rDObmQ,Business Analyst
Business Analyst,Lifelancer,"South San Francisco, CA",$80K - $120K / yr,https://www.ziprecruiter.com/k/l/AAIl4aZnraO-S5QLQpGUcgWhia0HAySGci6oi1wc25gC3uqwRdvrqadNvHUCQh6apctFroPq1B9N1ZZM0dTZfGQKUQdnBa4ZZGU-20aek-mHbN2i93mxVBEbtIBlQcEPGfRKMcp6q1OAT8cLjIR2nbobIlj2U_6a4u37y1g_QNeMKwyMpgQLcVX6OQcy6oTzacl3pUikC9W78hfKNCosskA_ucL01bf4lQ_T3T4Gguuc1EoijVWp7Ogs6ObBiSVF6L9QALVGh8DoDmtLSudG0_pAKATBMtBwbZVvbmZuKKYrf9agUuYRQoe4Bg,Business Analyst
Business Analyst,Resource Innovations,"Newark, NJ",Salary not specified,https://www.ziprecruiter.com/k/l/AALLKaV7VDButZO0AdjRO7ECcQKZroQjt9Y00u4cZcDPmEE1zdiYgcMI1Yzfg1G6su_s7kd2SCwlwTNt0erKPxr0OUQ4GTQxUngFW89F5QMw6Ax1wE_MhUlZfZC_hOuEg0S3g5xMZ0vfcQrhRJGV75fajQoGvMguEFvAls1y4EBGB1XQzSWktdJIjPu3yituGol01pOkyMTGpY5N_57duwL6GoprkM3K_3fQUbArSl65c3Fn1C-FGL-yKXIvD3kVjtIQbCjnG6sY_rr3fYyV7D4xqtcqGCUUSMDidZeyx-FAVHD4Lek6IyhZ1g,Business Analyst
Business Analyst,Leidos,,$55K - $100K / yr,https://www.ziprecruiter.com/k/l/AALHnCKlIzAcKxHkbu7OdWlGoqi5BHRtRchfs0JPvnZAFLkjGT2rlxNcAGzELaqVVdozR9OQCCvkZglCE4PLMDkvIyQwt0Q0PtUg9LuWz9hJofsLPCNGWUkdZ-DWJXSrz_Dz8BhNbgZ419JmwpWfAuMnZ5LUaknHOZ0CssRaNt35YxlMlTST0PJXXWCxsmX0FrrN0l6mIyUpslWJt9VkSozSkuMgDe4-92CQGcSvsfzghWDs5RqotetbgZjS02MkFCX3-MW5fSJBx1U0ezcmFT1I77AA10q_YZxU4AjGeYF03prUsUdtowMhCQ,Business Analyst
Business Analyst,Benelynk,"Charlotte, NC",$70K - $75K / yr,https://www.ziprecruiter.com/k/l/AAIYp5QEKjT7sR2qOHmCoE4OPwNUFPiwaNU1JXxx3OZoiHRfnxtRx_b_bvx1I28q7uRk0O11WkVHC_Os5r80Ti9oq8vnefv8kVDmiG9cobR6K6kmZlWFu2ECGxO7n_k8tzLNM1BH5vhoOGxjYTwQ-FRyWQcFW71QoAoEWaMbv0nhw3iHDGAmaMvHlH-TtsNmKe6vm03_pIJJfb4ns-RzdV4bnKs5_iYXn-nr6qOHV1mPFegJ0RIyKNiYsFLUTIRORpM2tGMCL9jPzVvIYitptaIh4XkYP2lJu60fP0_mObLGFImdJmcsi4LfEg,Business Analyst
Business Analyst,Intelliswift Software Inc,"Bellevue, WA",$30 - $33 / hr,https://www.ziprecruiter.com/k/l/AAIDzPfB7u7vk_U0JRpQSs1rOvytlcSBpd5Ycd5ibeQiTPeGq2nS-KPkAx4EPzR3zfF_9aRnYQBBY3eX_7YgeAj0X_bQfJWOxmdhDDp-gyV0dP0jEcXL85Xgq5fvU0K46D2fwgBWuqSzya9DsqZNIOXkL5q-wqwj0XBWtfLjU88pnDir0K6uw5DO4NUR74yXmbnX4R9uYtocPlyoQAkL0iqDa3CDe3ITXZSjCA3WEyVbeVpwKaWntRcn5J7bT3KQkNqhFDPfhPBFC6QnKmEdm0Imw_i8Yxuktr5jpKJ1VXTSCq1M_sk7kqRlLQ,Business Analyst
Business Analyst,eimagine,"Indianapolis, IN",Salary not specified,https://www.ziprecruiter.com/k/l/AAJF9YMeXy2yixSOrP4wB5QOja0NGFM2xd-A2EKx31OYpswNO10uOLCEnUHlX5nrHhHsLLy3voFqTN3v3bdSKzbZKgTbnVgwOZSyB7sN5RWgoquwVc318vjTLubRCs2FIdL14Uf0eJ65uiMEwEqcgMUvPN2gimZZPdj78NN3WK4z9j8n9X79MRO9pnyIAtwr2rTlxKpI4mICu-gM7sciZpqDsuOhPHEaSzaynFhfVgJDoaUAdUsCw_It9eEPpxDLX4T8nT-yte3MLrrTNmWSjodEGw-RrRUPuA33WSaryURFsdcOkUbamhuSoQ,Business Analyst
Business Analyst,Freed,,Salary not specified,https://www.ziprecruiter.com/k/l/AAL-na0GwISCYxF8dW1UA3PQWRk_WRcgjO4XgQxGE5PfRCdiKQj5x0gP253fK6SE4b27hxtJMFApmWRhXRUpw6KlVp7HVp4mx-00b0n25nUUDf8XQs59ksTDgx0eNm5qrnQSnsH1K3hCf62NGrTdq--1D_O7E_-5wRa5gVPlZgFSI7VSNVNtSlySGSrqTCxRQr4Pe3fJiVaMVBd4oRTYoQLNOohT01w4p4peH89iB5TRwXeOE_zI09GTAkDPYjT_iH05QiLyxCCKHLmyqB-84-46e4FyXUW1w0Hm3xM-pscAin40xaJf3Z9fUw,Business Analyst
Business Analyst,The Huynh Law Firm,"San Antonio, TX",$119K - $135K / yr,https://www.ziprecruiter.com/k/l/AAJLgPVMmlLPxQxnOFxamLiHqh_d5_aL8oOWQ7gYcE__Of9bfy3PkQ2QEPUOESnsrfFnxLu37NUOcS33WLesPpbIvbiGl8UuYHmGsrLJBwQ7RQRMalZqWywQiBygBFpq42_dSWzJJLGEpKbe2euG4HJqkaIt6ro9RL5hxBwevG-66yOfZK8FYbE31OSrXucqAoIr8OhGSlpi1fskFzy5Oiu6gWtD_-jKTyCzKL2l8ydyNiSYfGP902eCb7fO8Egi8-qwPZhEppDJENI6Hbd9psziylddAvy9kC8RNxkxsPV5VzfKGDinFYCBNw,Business Analyst
Business Analyst,"Computrition, Inc.",,Salary not specified,https://www.ziprecruiter.com/k/l/AAJQax67wuRbDm0Y2SSGT_6Ff-m1InV4mqbwgWAvxgw3vut-a5RiXBuGS-h7KFg39foZ6m4CFpnNHQFG29ORRc9pEaqoeiJDL4NNs3iv0NfcpA05MNqx4AAvIgFq7DU8yi-_K_1GgCjaeVsj9N7i1TIxB0ze2Y6iFaOpFEh7L_ButSo1aKQ8MOVl7heQfdbwJSyzmpMjvwHEDHUzbuSkzmoxikNbKc5GIpp0yLHsQZmQ7-vrIceUeuwvfJhUsq9Iybn8uDUEnR9W08SkRkMqw_0BL8SwVzSuTEBEYAoONtVscKm6z8NyJuSaow,Business Analyst
Business Analyst,"Amplify Education, Inc.",,$90K - $105K / yr,https://www.ziprecruiter.com/k/l/AAJ72cg_fMclCNG-a-rfxC6AbNngH9Knd6G3WHc9RGqChYd1FHDpYEou8om1uymWwsDOOD9IShFSyv14y00ed734gjxXHgowu9u5Gw4wKFxT9SNFeKFqVdTBq6cGLlWGjN0qEkM1G40pIdf4hXhET-4LXbjvvFr9Fk4sNw6y9jPUh_eqo_S_Kifo2Nr9e8W0vjtrNKizfzkoE9HI4MMuIjBFRbRDQWwDq_B5rq8PuoQOvEO2sgjgibYSGr6itmXbKgwrxMVTJiTdO02QHdFn19jjEXE80Q-h2VCq7iixNOtlrk1YtNA7qnsWsQ,Business Analyst
Business Analyst,"DaVita, Inc.","Evergreen, AL",Salary not specified,https://www.ziprecruiter.com/k/l/AAI9Fg5szLn5KYi5YP4HlZJ-VDE65gnPixI5co1T0p5tY7m9p7u31YunagyIyM8hgfMaxX-mpLGIJZqXYSQT_jkk9gFSlhBmcN8sTWIglSHs-eSy70yK1ofyXg8sYzscM0Nbd3RWV9V4l2GXdB-Tl1zyO53F4qT3zJjraeQEAWmDqy2nYu-QYhjvqhtE7uql-BsNIOaCfmakc8a592wF_gCKC41qHV0hhZ3470pvME-UsRKTrRuxTbKWHFdnJR0ou7q0t45y6jw_BOygHI2xP6D7VprTkOW5FHxKLUJvJqf9L7liodCSxpwMqQ,Business Analyst
Business Analyst,Billtrust US Careers,,$65K - $100K / yr,https://www.ziprecruiter.com/k/l/AAI02KInlmslnm97BHDwF8_Rph7nAWLxy7HlAGfyQ1CvoQUrEHdzFkKEkBQiDpGwFSz38faLlUAYyRTAdKy3L2U8ZLghrl8SM_XKS-GKYCBFv6Rj58Uc-8W58YyySryLYip13dN6SiMraaz7pnhTIxdXo3i2rnrI2LYfeSbcpr9Lxwqmy_t-ynGduPHrcw4_MyqH7tyjLNBEz0aTb7tyLGxp67ssMfXeprO19K0MnGq08QABFBE2eqoM-v_VN6P10G5HqK2z0YQq-UmYGzlRHqzlO5cPEDXmO8aRmMO_M9xOYgSAhbryEjUSqQ,Business Analyst
BUSINESS ANALYST SENIORNEW!,The State of Arizona,"Phoenix, AZ","$77,760 / yr",https://www.ziprecruiter.com/k/l/AAI8qSIHyKnDCBF96Wy9IpNhkHzgBJbsoGIGrSX2jG-MyueymhHlKrLWz_KPHJxc0oCZ7BQ2KrZZ5moYkcti1xYR19WXJXqitTpR75IPAf6icuxHPbTNeGy5QiHtdiuLVQXZ4v6fDmHp5pZ9laRIbwbIBlkswlIv-zK3QZT9podot2m1Z5D4YRgycFtElI53ZQnw83dOAsqPuObSEYNDMjrPhe5lkGetwiB4Rov8moR0zVqQU_ukekaGOI-iQY7p3H53iLLObAu6VBr-RbhwCZBLJXdoch1yybA5fx-PE9XkKP56NSgxD19yEw,Business Analyst
Business Analyst I,TalentBurst,"Ridgefield, CT",Salary not specified,https://www.ziprecruiter.com/k/l/AALZ3JaVy1-2XTBA8BT9Suw_S0VLsP15LtlvSBL38QQfrNiWzbdde5dYH5QifFBrRes3ERTKQVyvm1WjRnPxcecsFN5uPr3yuMlb_lzZXOG-4PtSW7GgFyER0drH_0KZWekKHzf787raHUqhm28NazYI7rgoSCWt8h3h9lfN1Y46KCPeuR8VmEqbLaSjMOo5PC1FR7xKNOt8nZBbhr_nk_-q8GthotP7p3qCopgKJvlXeQTVWBtGpKH7wH6X7VMdr1pTPvmtpkLHI5Rzl5Xrme5Zq4VNVxXMTP82pkHKw5PtrmC1LlX9hX0PFQ,Business Analyst
Business Analyst,Cyborgwave,"Columbus, OH",Salary not specified,https://www.ziprecruiter.com/k/l/AAIvwHTMavyoxSl_JEaBNVTr-ZhXezkvjI_sjnLfbaepByIia-rgRpOp3CClM_fe7QwLLZxRVUFBtiL-znfekfVMCA9m4ShwNrYau9nK7WMFx4BB6GsgnoaS3SPCsF6sAzIBg4NbuYZ3zMzWNUDLvaetgGKedvA23l2XhO8grHYcMkQdhjob_cTuLtNUh-QFcq5RP6jBL5B9zXpy_NV0_RjUlXzDn277tvmcpA0LRYFffgoloR19PzAAO45mSAgWX1naikaK7pTulQHCaZnR-aemOuWzrkyrjazI9f_hekmfnuNyz5IqBvJmSA,Business Analyst
